Rank;Tier;Username;Join Date;Gold Medals;Silver Medals;Bronze Medals;Points
1;grandmaster;Larxel;2017;8;18;42;1161
2;grandmaster;Shivam Bansal;2018;5;5;32;1062
3;grandmaster;Gabriel Preda;2017;7;3;40;870
4;grandmaster;SRK;2013;10;2;3;722
5;master;fedesoriano;2021;3;7;12;712
6;master;Timo Bozsolik;2017;3;4;5;694
7;grandmaster;Ruchi Bhatia;2019;10;8;18;674
8;expert;devrishi;2019;1;0;3;648
9;grandmaster;Chris Crawford;2016;10;13;53;645
10;grandmaster;Chris Deotte;2018;8;9;27;583
11;master;Marília Prata;2019;1;7;73;548
12;master;Mathurin Aché;2012;2;3;43;527
13;grandmaster;Bojan Tunguz;2016;6;10;37;520
14;grandmaster;Abhishek Thakur;2011;10;8;24;518
15;master;Anandhu H;2021;3;10;3;482
16;grandmaster;Tensor Girl;2015;9;12;9;477
17;expert;Yam Peleg;2015;1;3;27;463
18;grandmaster;Zeeshan-ul-hassan Usmani;2016;6;7;23;461
19;master;Saurabh Shahane;2019;2;3;48;446
20;grandmaster;Vopani;2013;8;2;7;409
21;expert;Möbius;2017;2;2;26;392
22;grandmaster;Rachael Tatman;2017;7;8;43;390
23;master;Rashik Rahman;2020;1;5;6;381
24;master;Abigail Larion;2017;4;10;43;365
25;expert;Mitchell J;2018;3;1;1;329
26;master;Sourav Banerjee;2021;5;3;2;328
27;master;xhlulu;2019;3;5;26;305
28;expert;Rishi Damarla;2020;0;1;59;304
29;grandmaster;K Scott Mader;2013;5;8;19;300
30;master;Omer Colakoglu;2018;4;2;2;300
31;master;Akash Patel;2020;1;4;0;291
32;master;Dhruvil Dave;2020;2;8;8;276
33;grandmaster;Esther Kim;2016;5;5;14;262
34;expert;Baris Dincer;2021;0;1;26;258
35;master;DanB;2011;3;4;9;257
36;master;John Harshith;2021;1;4;2;227
37;expert;Ram Jas Maurya;2021;0;0;20;209
38;expert;Brenda N;2019;0;6;9;208
39;master;Andrada Olteanu;2020;1;7;12;204
40;master;Manas Garg;2020;2;3;5;199
41;expert;Awsaf;2020;0;4;12;196
42;grandmaster;Firat Gonen;2019;5;6;1;194
43;master;Moore;2020;3;3;3;194
44;master;Mehmet Akturk;2020;1;10;1;185
45;expert;Deep Contractor;2020;0;3;12;184
46;expert;Konrad Banachewicz;2011;0;2;23;179
47;master;Prashant Banerjee;2018;5;4;8;179
48;master;Aleksey Bilogur;2017;2;5;18;178
49;master;Subham Surana;2021;1;5;4;177
50;expert;Arpit Verma;2017;0;0;28;175
51;expert;Vitalii Mokin;2018;0;10;8;174
52;expert;Rounak Banik;2017;3;0;0;172
53;expert;Arjun Prasad Sarkhel;2020;1;0;3;171
54;master;PromptCloud;2017;1;4;18;169
55;expert;dataista0 (Julián Peller);2017;1;0;8;169
56;master;Devakumar K. P.;2018;2;5;4;169
57;master;Tejashvi;2020;1;4;2;167
58;expert;Kalilur Rahman;2020;0;0;20;164
59;master;Heads or Tails;2017;2;5;2;163
60;expert;Rob Mulla;2016;1;1;10;162
61;expert;Yury Kashnitsky;2014;2;0;4;160
62;master;Hamdalla F. Kareem;2020;1;5;0;158
63;expert;kukuroo3;2021;0;1;11;156
64;master;Parul Pandey;2016;2;4;11;154
65;expert;Andre Sionek;2018;1;1;1;154
66;master;JohnM;2015;2;4;7;153
67;expert;Yamac Eren Ay;2020;0;0;4;151
68;expert;Luiz Bueno;2021;0;5;3;151
69;master;Murilão;2020;6;0;0;150
70;expert;Meet Nagadia;2021;0;1;15;147
71;expert;koustubhk;2020;0;0;20;146
72;expert;Neha Prabhavalkar;2020;2;2;5;145
73;master;Divyansh Agrawal;2019;1;7;9;143
74;expert;mysar ahmad bhat;2021;0;0;20;142
75;expert;Kash;2018;1;1;15;141
76;expert;PAVAN KUMAR D;2019;0;5;10;141
77;expert;Lasal Jayawardena;2021;0;2;12;141
78;master;Alex Shonenkov;2018;3;3;5;140
79;expert;Gaurav Dutta;2020;0;2;6;138
80;expert;Radmir Zosimov;2021;1;3;0;137
81;expert;Sanskar Hasija;2021;1;2;0;136
82;expert;Y.Nakama;2018;2;0;4;135
83;expert;CodeBreaker619;2020;0;5;13;135
84;expert;Anmol Kumar;2018;1;1;9;133
85;expert;Joe Young;2017;1;0;2;130
86;expert;Noah Daniels;2018;0;6;27;130
87;expert;Gerry;2019;1;0;5;130
88;master;raddar;2016;1;4;11;129
89;expert;Jonathan Besomi;2019;1;0;4;129
90;expert;Thomas Konstantin;2020;0;2;18;129
91;expert;Yash Patel;2021;0;6;1;128
92;master;babyoda;2021;1;5;0;127
93;expert;Karnika Kapoor;2019;0;6;1;126
94;expert;Nikita Kozodoi;2016;1;1;2;124
95;expert;Vahideh Dashti;2020;0;5;0;124
96;master;Raphael Fontes;2019;3;2;3;123
97;expert;Jesse Mostipak;2020;1;1;6;123
98;master;Tawara;2016;1;6;4;119
99;expert;Darien Schettler;2018;0;1;8;119
100;expert;Takoi;2016;0;4;2;116
101;expert;lucif3r;2021;0;3;6;113
102;master;shivan kumar;2019;1;6;1;111
103;expert;Rishabh Misra;2015;2;1;0;110
104;master;Bulent Siyah;2018;1;4;11;110
105;expert;Andriy Samoshyn;2020;0;4;10;109
106;expert;Salman Ibne Eunus;2020;0;5;8;107
107;expert;Praveen;2015;1;1;5;106
108;expert;Sooter Saalu;2021;1;0;2;106
109;expert;tito;2016;2;1;3;105
110;expert;Sven Eschlbeck;2021;0;0;13;103
111;expert;M Yasser H;2021;0;0;11;102
112;expert;Clayton Miller;2012;0;0;12;101
113;expert;Aman Kumar;2019;0;5;4;101
114;expert;torch;2018;0;4;3;99
115;expert;kkiller;2018;0;3;9;99
116;expert;Cam Nugent;2017;2;0;3;96
117;master;Iafoss;2018;1;5;5;96
118;expert;Stefano Leone;2018;1;2;5;96
119;expert;M.Innat;2018;0;3;5;96
120;expert;Michal Bogacz;2019;1;0;9;96
121;expert;Bill Cruise;2014;0;0;9;95
122;expert;Henrique Mendonça;2016;1;0;4;95
123;expert;Komal Khetlani;2018;0;1;11;95
124;expert;Halime Doðan;2021;0;4;0;95
125;expert;Sanjeet Singh Naik;2021;0;0;8;95
126;expert;Ben Roshan;2020;1;0;3;94
127;expert;Arya krishnan A R;2021;0;5;0;94
128;expert;DimitreOliveira;2018;0;2;13;93
129;expert;Slawek Biel;2018;1;1;3;93
130;expert;Berkay Alan;2019;0;1;8;93
131;expert;Ekrem Bayar;2017;0;7;0;92
132;expert;Balraj Ashwath;2018;0;2;14;92
133;expert;Aman Miglani;2020;1;0;4;92
134;expert;SANDHYA S;2021;0;1;12;92
135;expert;Shashwat Tiwari;2018;0;2;7;89
136;expert;datartist;2019;1;0;3;88
137;expert;Carl McBride Ellis;2020;0;2;11;87
138;expert;Jehan Bhathena;2021;0;1;6;87
139;expert;Remek Kinas;2020;0;2;5;86
140;expert;Zahra Amini;2021;0;1;5;85
141;expert;Sparsh Gupta;2020;1;0;5;84
142;expert;Olga Belitskaya;2017;1;1;14;83
143;expert;BryanB;2017;0;3;6;82
144;expert;Ayush Garg;2017;1;1;1;82
145;expert;Caesar Lupum;2020;0;5;4;82
146;expert;PavanKalyan;2019;0;0;9;80
147;expert;Durgesh Rao;2021;0;0;9;80
148;master;Anna Wolak;2015;3;4;7;79
149;expert;Edward Zhang;2019;0;1;9;79
150;expert;Ýlker Yýldýz;2020;0;4;0;79
151;expert;Siddharth Kulkarni;2021;0;1;7;78
152;master;Ed King;2017;3;3;11;77
153;expert;Aayush Mishra;2020;0;1;14;77
154;expert;Yasir Hussein Shakir;2020;0;0;8;77
155;expert;Aung Pyae;2019;1;1;1;76
156;expert;Andrey Shtrauss;2021;0;2;2;76
157;expert;ilovescience;2017;1;1;1;75
158;master;Atul Anand {Jha};2018;2;3;0;75
159;expert;Brandon Conrady;2021;0;0;9;75
160;expert;Leonardo Henrique;2019;1;1;2;74
161;expert;Faisal Qureshi;2020;0;1;9;74
162;expert;Christian Lillelund;2020;1;2;5;74
163;expert;KS;2018;0;0;7;73
164;expert;ammarali32;2020;1;0;7;73
165;expert;Nicholas Broad ??;2020;0;1;4;72
166;expert;Rishav Sharma;2021;1;0;5;72
167;expert;PavelBiz;2021;0;1;7;72
168;expert;Zeus;2020;1;0;2;71
169;expert;Austin Reese;2018;1;1;1;70
170;expert;Rajkumar Lakshmanamoorthy;2021;0;1;3;70
171;expert;Iman Jowkar;2021;0;2;3;69
172;expert;Mohaiminul Islam;2019;0;5;0;67
173;expert;yashtiwari1906;2020;0;3;4;67
174;expert;Sreevishnu Damodaran;2021;0;0;8;67
175;expert;Heeral Dedhia;2020;1;0;4;66
176;expert;Prit Sheta;2021;0;1;8;66
177;expert;Marsh;2017;1;1;6;65
178;expert;SandhyaKrishnan02;2021;0;1;3;65
179;expert;KUCEV ROMAN;2016;0;1;9;64
180;expert;Prasert Kanawattanachai;2017;0;0;6;61
181;expert;Saurav Maheshkar ??;2020;0;1;6;61
182;expert;Sankha Subhra Mondal;2020;0;3;1;61
183;master;Gokul Prakash P;2021;1;4;0;61
184;expert;Zahid Ali;2021;0;1;6;61
185;expert;KritiDoneria;2018;0;0;7;60
186;expert;Ritesh Yadav;2020;1;1;5;60
187;expert;OH SEOK KIM;2020;0;1;3;60
188;expert;Kishal Mandal;2021;0;1;4;60
189;master;Rajanand Ilangovan;2016;1;4;6;59
190;expert;Yaroslav Isaienkov;2018;1;0;2;59
191;expert;Valentin Biryukov;2018;0;0;7;59
192;expert;A SURESH;2019;0;0;8;58
193;expert;Saleh Ahmed Rony;2020;0;6;1;58
194;expert;Ankit Kalauni;2021;0;1;4;58
195;expert;Abid Ali Awan;2021;0;0;6;58
196;expert;Ammar Alhaj Ali;2021;0;0;6;58
197;expert;Ishaan Thareja;2021;0;0;5;58
198;expert;Jacob Boysen;2017;1;2;20;57
199;expert;Mukharbek Organokov;2018;0;3;9;57
200;expert;Deep Shah;2020;0;1;6;57
201;expert;Mau Rua;2021;1;0;6;57
202;expert;Martin Kovacevic Buvinic;2018;0;1;7;56
203;expert;Welf Crozzo;2018;1;0;3;55
204;expert;Hidehisa Arai;2018;0;0;7;55
205;expert;nicapotato;2017;1;0;2;54
206;expert;Mohamed Hany;2020;0;2;4;54
207;expert;Naim Mhedhbi;2020;0;1;5;54
208;expert;Arslan Ali;2020;0;2;5;54
209;expert;Alin Cijov;2020;0;0;9;54
210;expert;Mohamed Bakrey;2021;0;0;9;54
211;expert;Aluru V N M Hemateja;2021;0;0;5;54
212;expert;NoLogic;2019;0;3;6;53
213;expert;Syed Jafer;2021;0;0;7;52
214;expert;Jack Daoud;2021;1;0;3;52
215;expert;Kunaal Naik;2018;1;0;3;51
216;expert;Ragnar;2018;0;2;3;51
217;expert;prasoon kottarathil;2019;0;2;6;51
218;expert;Manch Hui;2020;1;0;3;51
219;expert;Jack Ogozaly;2021;0;1;4;51
220;expert;Robin;2021;0;0;4;51
221;expert;Lexyr;2021;0;0;5;51
222;expert;Gokagglers;2014;1;1;2;50
223;expert;Ian Pan;2015;1;0;2;50
224;expert;Vetrivel-PS;2018;0;2;4;50
225;expert;Sandra P;2021;0;3;0;50
226;expert;Jillani Soft Tech;2021;0;0;7;50
227;expert;DataTurks;2018;1;2;4;49
228;expert;Kamal Das <on a break from Kaggle>;2019;0;0;8;49
229;expert;Loulou;2020;0;0;11;49
230;expert;Vikas Ukani;2020;0;4;2;49
231;expert;hugequiz.com;2021;0;0;4;49
232;expert;corochann;2016;1;2;1;48
233;expert;Kostiantyn Isaienkov;2017;0;1;3;48
234;expert;Xavier;2017;1;2;5;48
235;expert;Blesson Densil;2018;0;2;5;48
236;expert;Johar M. Ashfaque;2018;0;0;9;48
237;expert;Chris Gorgolewski;2019;0;2;5;48
238;expert;Gaurav Rajesh Sahani;2020;0;2;5;48
239;expert;TUSHAR SARKAR;2020;0;0;6;48
240;expert;Chryzal;2021;0;1;3;48
241;expert;David Beniaguev;2014;2;0;2;47
242;expert;Mark Wijkhuizen;2020;0;0;3;47
243;expert;Arya Shah;2020;0;0;5;47
244;expert;Karthik Vadlamudi;2021;0;0;4;47
245;expert;Knightbearr;2021;0;1;2;47
246;expert;Rohit Kulkarni;2017;1;1;4;46
247;expert;Janio Martinez Bachmann;2018;1;1;1;46
248;expert;Marie;2019;0;4;1;46
249;expert;landlord;2020;1;0;5;46
250;expert;ANANTH R;2021;0;0;4;46
251;expert;Heitor Nunes;2021;0;0;5;46
252;expert;beluga;2012;1;0;2;45
253;expert;Michael Kechinov;2018;1;1;1;45
254;expert;Saurav Anand;2019;0;1;5;45
255;expert;Nipun Arora;2019;1;0;2;45
256;expert;Kannan Ravinther;2019;0;0;5;45
257;expert;dasmehdixtr;2020;0;0;8;45
258;expert;Somayyeh Gholami;2020;0;0;4;45
259;expert;Nick Kuzmenkov;2021;0;2;1;45
260;expert;Muhammad Abdulaziz;2021;0;0;5;45
261;expert;ruthgn;2021;0;0;4;45
262;expert;Amritvir Singh;2018;0;4;1;44
263;expert;Quadeer Shaikh;2019;0;1;3;44
264;expert;Habib Gültekin;2020;0;0;9;44
265;expert;KA-KA-shi;2020;0;0;9;44
266;expert;Naresh Bhat;2020;1;0;3;44
267;expert;Ali Farajnia;2021;0;0;6;44
268;expert;Old Monk;2014;0;0;8;43
269;expert;Mobassir;2018;0;1;6;43
270;expert;Subin An;2019;0;1;4;43
271;expert;Suman Dey;2020;0;1;4;43
272;expert;Dan Ofer;2013;1;0;8;42
273;expert;katsu1110;2016;0;1;2;42
274;expert;Andrew Lukyanenko;2017;0;3;2;42
275;expert;msafi04;2017;0;0;3;42
276;expert;Manu Siddhartha;2018;0;1;4;42
277;expert;Manish Kumar;2019;1;0;2;42
278;expert;Mr_KnowNothing;2019;0;1;3;42
279;expert;Tanay Mehta;2019;0;0;5;42
280;expert;Devashree Madhugiri;2020;0;0;4;42
281;expert;Muhammet Ikbal Elek;2020;0;0;11;42
282;expert;ammaraahmad;2021;0;0;7;42
283;expert;Samuel Cortinhas;2021;0;0;5;42
284;expert;Kyubyong Park;2015;1;1;6;41
285;expert;Justinas Cirtautas;2017;0;2;1;41
286;expert;Kun Hao Yeh;2018;0;2;2;41
287;expert;ask9;2018;0;2;5;41
288;expert;Wei Hao Khoong;2018;0;1;6;41
289;expert;Ami;2018;0;0;4;41
290;expert;Ashish Jangra;2020;1;0;2;41
291;expert;ItsSuru;2021;0;0;8;41
292;expert;Jeong-Yoon Lee;2012;0;0;5;40
293;expert;David Robinson;2013;1;3;1;40
294;expert;Shruti Saxena;2015;0;1;3;40
295;expert;Chitwan Manchanda;2019;0;0;4;40
296;expert;Niharika Pandit;2019;0;2;2;40
297;expert;??;2020;0;2;2;40
298;expert;Ishan Dutta;2020;0;1;9;40
299;expert;Stanley Zheng;2020;0;2;2;40
300;expert;city-api.io;2021;0;0;7;40
301;expert;xuxu_sky;2021;0;0;5;40
302;expert;M. Gagan Chandra;2021;0;0;5;40
303;expert;Souvik Ganguly;2021;0;0;4;40
304;expert;Luis Moneda;2016;0;2;5;39
305;expert;Gaurav;2018;0;0;5;39
306;expert;Pritesh Raj;2019;0;0;5;39
307;expert;David Roberts;2020;0;0;3;39
308;expert;Rushikesh;2020;0;0;8;39
309;expert;IshaDS;2021;0;0;6;39
310;expert;Michael Bryant;2021;0;0;5;39
311;expert;Alex Teboul;2019;0;0;3;38
312;expert;VolodymyrGavrysh;2019;0;1;4;38
313;expert;Shanmukh;2020;0;0;5;38
314;expert;Preet Viradiya;2020;0;0;6;38
315;expert;Mike Chirico;2015;1;3;3;37
316;expert;Shuyang Li;2016;1;0;3;37
317;expert;Akash Gupta;2017;0;1;7;37
318;expert;Roman;2018;0;2;1;37
319;expert;Sercan Yeþilöz;2019;0;0;5;37
320;expert;Susant_Achary??;2019;0;0;5;37
321;expert;Pratham Tripathi;2020;1;0;2;37
322;expert;Paras Varshney;2020;0;4;0;37
323;expert;Arjun Bhaybhang;2020;0;0;4;37
324;expert;Axel Torbenson;2021;0;0;3;37
325;expert;Thasnihakeem;2021;0;0;4;37
326;expert;?????;2017;2;0;1;36
327;expert;Shiro;2018;0;1;5;36
328;expert;Aladdin Persson;2019;0;1;2;36
329;expert;Siti Khotijah;2019;0;0;7;36
330;expert;Nikit Periwal;2019;0;0;5;36
331;expert;Eswar Chand;2020;1;0;3;36
332;expert;Akash Guna;2020;0;1;2;36
333;expert;Aayush Sharma;2020;0;1;3;36
334;expert;Abhi;2020;0;1;2;36
335;expert;Buqi_;2021;0;0;3;36
336;expert;Prabin Raj;2021;0;0;4;36
337;expert;Bala Vashan;2021;0;0;4;36
338;expert;Md. Jafril Alam Shihab;2021;0;0;4;36
339;expert;Dieter;2018;0;1;6;35
340;expert;Mohd Abdul Azeem;2020;0;0;4;35
341;expert;Manikantan R Nair;2020;0;0;5;35
342;expert;Debarshi Chanda;2020;0;0;4;35
343;expert;Vaishnavi V;2021;0;0;8;35
344;expert;Hetul Mehta;2021;0;1;3;35
345;expert;Kiran Sharma;2021;0;0;6;35
346;expert;Nadia Nizam;2021;0;0;3;35
347;expert;Shion;2017;0;4;3;34
348;expert;Yash Gupta;2019;0;1;2;34
349;expert;Sripaad Srinivasan;2019;0;0;6;34
350;expert;Arnaud ROUGETET;2019;0;1;2;34
351;expert;Co-learning Lounge;2021;0;1;4;34
352;expert;Yvtsan Levy;2021;0;0;3;34
353;expert;Rob Harrand;2015;0;2;3;33
354;expert;Micha? Choi?ski;2018;0;1;2;33
355;expert;Darek K?eczek;2018;0;0;4;33
356;expert;Adeel Zafar;2018;0;0;3;33
357;expert;csafrit;2018;0;0;3;33
358;expert;Theo Viel;2018;0;1;2;33
359;expert;Sonali singh;2019;0;0;3;33
360;expert;Ravirajsinh Dabhi;2020;0;1;2;33
361;expert;salah sammari;2020;0;0;6;33
362;expert;Yaswanth Gali;2021;0;0;3;33
363;expert;Aishik Rakshit;2021;0;0;5;33
364;expert;Kheirallah Samaha;2017;0;2;2;32
365;expert;Ken Miller;2017;0;1;2;32
366;expert;V.Prasanna Kumar;2018;0;1;6;32
367;expert;Minyong Shin;2018;0;1;8;32
368;expert;Ashish Gupta;2018;0;2;5;32
369;expert;Neelima Jauhari;2019;0;3;1;32
370;expert;Daria Chemkaeva;2019;0;0;8;32
371;expert;ma7555;2019;0;1;3;32
372;expert;Dr. Amritpal Singh;2020;0;0;4;32
373;expert;SR;2020;0;0;3;32
374;expert;Nandini Bagga;2020;0;0;8;32
375;expert;Chien-Hsiang Hung;2021;0;1;3;32
376;expert;Vijay V Venkitesh;2021;0;1;3;32
377;expert;Alexander Bader;2021;0;0;3;32
378;expert;RDizzl3;2015;0;1;2;31
379;expert;anokas;2016;2;0;2;31
380;expert;Bhushan Kapkar;2019;0;1;5;31
381;expert;Yirun Zhang;2019;0;0;5;31
382;expert;Fares Sayah;2019;0;2;2;31
383;expert;Mammad Abbasli;2020;0;0;5;31
384;expert;Farhan Hai Khan;2020;0;0;4;31
385;expert;Umair Nasir14;2021;0;2;2;31
386;expert;Yash Goel;2021;0;0;4;31
387;expert;KANDHAL KHANDEKA;2021;0;0;3;31
388;expert;ryati;2014;0;1;2;30
389;expert;Laura Fink;2016;0;0;6;30
390;expert;Carlo Lepelaars;2018;0;1;5;30
391;expert;Praveen Kumar;2019;0;0;9;30
392;expert;Volkan Özdemir;2019;0;0;4;30
393;expert;yash chaudhary;2019;0;2;1;30
394;expert;Navin Mundhra;2019;1;0;2;30
395;expert;Naman Manchanda;2020;0;1;2;30
396;expert;Pratham Sharma;2020;0;0;4;30
397;expert;Rohan Paul;2021;0;0;4;30
398;expert;Vishwesh Salodkar;2021;0;0;5;30
399;expert;lastsunset;2021;0;0;5;30
400;expert;Pawan Kumar Yadav;2021;0;0;3;30
401;expert;Aryan Tiwari;2021;0;0;3;30
402;expert;Luca Massaron;2012;0;0;3;29
403;expert;Benjamin Minixhofer;2017;0;2;2;29
404;expert;Salim Khazem;2018;0;0;7;29
405;expert;Jung;2018;0;1;2;29
406;expert;Leo0523;2018;0;0;5;29
407;expert;Alexander Antonov;2019;0;0;6;29
408;expert;SIDDHARTH M;2019;1;0;2;29
409;expert;Hamza;2020;0;0;4;29
410;expert;Rajkumar Sengottuvel;2020;0;0;4;29
411;expert;JIL KOTHARI;2020;0;1;3;29
412;expert;Harshit Shankhdhar;2020;0;1;2;29
413;expert;Harsha Varshney;2020;0;0;6;29
414;expert;IAbhishekBhardwaj;2020;0;0;3;29
415;expert;Pavel Fedotov;2021;0;0;4;29
416;expert;antoreepjana;2021;0;0;4;29
417;expert;Ebrahim Haque Bhatti;2021;0;0;3;29
418;expert;Omri Goldstein;2015;1;1;3;28
419;expert;Shane Smith;2017;0;1;4;28
420;expert;Ramanathan;2017;1;0;2;28
421;expert;Narendra Prasath;2018;0;1;3;28
422;expert;Kaushal Shah;2018;0;1;2;28
423;expert;Jay tilala;2019;0;0;3;28
424;expert;Abhinand;2019;0;1;4;28
425;expert;Pierre-Louis DANIEAU;2020;0;0;3;28
426;expert;Nisarg Chodavadiya;2021;0;0;3;28
427;expert;Mayur Dalvi;2021;0;0;4;28
428;expert;See--;2017;1;0;2;27
429;expert;Vineeth;2017;0;0;4;27
430;expert;Nitisha;2018;0;1;3;27
431;expert;Dwarika Teli;2018;0;0;6;27
432;expert;Satyajit Pattnaik;2019;0;0;6;27
433;expert;Valentyn Sichkar;2019;0;1;2;27
434;expert;Sayantan Kirtaniya;2020;0;0;5;27
435;expert;Soumyadip Sarkar;2020;0;0;6;27
436;expert;Vishnu Varthan Rao;2020;1;0;2;27
437;expert;Sidharth Kumar Mohanty;2021;0;0;5;27
438;expert;Lázaro;2021;0;1;3;27
439;expert;Umesh Kumar Adari;2021;0;0;4;27
440;expert;Niek van der Zwaag;2021;0;0;3;27
441;expert;dr. Konya;2017;0;0;3;26
442;expert;Bjorn;2018;0;0;4;26
443;expert;Landry KEZEBOU;2018;0;0;4;26
444;expert;ozgurdogan;2019;0;0;3;26
445;expert;Anton Kostin;2019;0;0;4;26
446;expert;Mohammad Reza Ghari;2020;0;2;1;26
447;expert;Vipin Kumar;2020;0;0;3;26
448;expert;Manish Sharma;2020;0;0;5;26
449;expert;Paulo Breviglieri;2020;0;0;5;26
450;expert;Saurabh Patra;2020;0;0;4;26
451;expert;Osiris;2021;0;1;4;26
452;expert;Chanon Charuchinda;2021;0;0;3;26
453;expert;HAIDER MASOOD;2021;0;0;4;26
454;expert;Ahmed Dawoud;2021;0;0;4;26
455;expert;khaIid;2021;0;0;3;26
456;expert;CaptainClever;2021;0;0;5;26
457;expert;Liling Tan;2014;0;0;9;25
458;expert;Mark Peng;2014;0;0;5;25
459;expert;Vasiliy;2017;0;0;4;25
460;expert;Fellipe Gomes;2018;0;2;2;25
461;expert;Arman Malekzadeh Lashkaryani;2018;0;0;3;25
462;expert;Akshat Dubey;2019;0;2;1;25
463;expert;Sreshta Putchala;2019;0;0;3;25
464;expert;Erin Ward;2019;0;0;6;25
465;expert;Marco Carujo;2020;0;0;3;25
466;expert;Jin Bonnie;2020;0;0;5;25
467;expert;Daniboy370;2020;0;1;2;25
468;expert;SHREYAS P J;2020;0;0;3;25
469;expert;Shubham Singh;2020;0;0;3;25
470;expert;Kaveh Shahhosseini;2020;0;0;3;25
471;expert;The ML PhD Student;2021;0;0;5;25
472;expert;Arif Eker;2021;0;0;4;25
473;expert;Abir ELTAIEF;2021;0;0;4;25
474;expert;sonu kumari;2021;0;0;4;25
475;expert;Elias Dabbas;2016;0;1;2;24
476;expert;yu4u;2017;0;0;3;24
477;expert;Jean-Michel D.;2017;1;0;3;24
478;expert;LiamLarsen;2017;0;2;5;24
479;expert;Asim Zahid;2019;0;0;3;24
480;expert;podsyp;2019;0;0;9;24
481;expert;Prateek Majumder;2019;0;0;4;24
482;expert;AndresHG;2020;0;0;4;24
483;expert;Gotam Dahiya;2020;0;0;3;24
484;expert;Somesh Sharma;2020;0;0;9;24
485;expert;Mohamed abdelrazik;2020;0;1;3;24
486;expert;Haithem Hermessi;2020;0;0;7;24
487;expert;Nischay Dhankhar;2020;0;0;4;24
488;expert;Abhishek Kumar;2020;0;0;3;24
489;expert;Omar Hany;2020;0;1;2;24
490;expert;Abishek Sudarshan;2015;0;1;2;23
491;expert;Daisuke Ishii;2017;0;1;4;23
492;expert;Pranav Hari;2018;0;0;5;23
493;expert;Parth Chokhra;2018;0;0;3;23
494;expert;Satyam Prasad Tiwari;2019;0;1;2;23
495;expert;Paul;2019;0;2;2;23
496;expert;Md. Redwan Karim Sony;2019;0;0;5;23
497;expert;Tanishq Gautam;2020;0;0;3;23
498;expert;Harsh Walia;2020;0;0;3;23
499;expert;Alif Rahman;2020;0;0;3;23
500;expert;Atharva Ingle;2020;0;1;2;23
501;expert;Sohom Majumder;2020;0;0;3;23
502;expert;Sujan Shirol;2020;0;0;4;23
503;expert;Shreya Sajal;2020;0;0;3;23
504;expert;Ashfak Yeafi;2020;0;0;4;23
505;expert;vyom bhatia;2020;0;0;5;23
506;expert;D_aniel122;2020;0;0;3;23
507;expert;Kritanjali Jain;2020;0;0;3;23
508;expert;vad13irt;2021;0;0;3;23
509;expert;T.J. Kyner;2021;0;0;4;23
510;expert;AngadChau;2021;0;0;3;23
511;expert;Dhinahar P;2021;0;0;3;23
512;expert;Johannes Hötter;2021;0;0;3;23
513;expert;Aslan Ahmedov;2021;0;0;3;23
514;expert;Eu Jin Lok;2011;0;1;2;22
515;expert;LPLenka;2017;0;1;3;22
516;expert;Adnan Zaidi;2018;0;2;1;22
517;expert;stpete_ishii;2019;0;0;3;22
518;expert;KAZI SHAMIM SHAHAREAR ISLAM;2019;0;0;3;22
519;expert;Ishan Kotian;2019;0;0;3;22
520;expert;VIVEK;2020;0;0;3;22
521;expert;Aayush Kandpal;2020;0;0;5;22
522;expert;TEJA KUMAR;2020;0;0;3;22
523;expert;Kaito;2020;0;0;4;22
524;expert;Muhammad Shahid Mirza;2021;0;0;3;22
525;expert;Tasneem Abdul Rahim;2021;0;0;5;22
526;expert;Muhammad Imran Zaman;2021;0;0;4;22
527;expert;Prathik Mohan;2021;0;0;3;22
528;expert;Yotoro;2021;0;0;3;22
529;expert;Levent Özdemir;2021;0;0;3;22
530;expert;Brandon Qilin Hung;2021;0;0;3;22
531;expert;Saurav Agarwal;2014;0;0;6;21
532;expert;Jeff Heaton;2014;0;0;4;21
533;expert;SkyLord;2015;0;0;3;21
534;expert;ryches;2017;0;2;3;21
535;expert;Mohammad Shahebaz;2017;0;0;4;21
536;expert;Saman Siadati;2018;0;2;1;21
537;expert;Hieu Phung;2018;0;0;4;21
538;expert;VIGNESH KUMAR.K;2018;0;0;3;21
539;expert;soham mukherjee;2019;0;0;7;21
540;expert;Ashwani Rathee;2020;0;1;2;21
541;expert;Mostafa Faramin;2020;0;0;3;21
542;expert;Jyot Makadiya;2020;0;0;4;21
543;expert;Vagif Aliyev;2020;0;0;4;21
544;expert;Mohsin Raza;2020;0;0;4;21
545;expert;Abu Bakar;2020;0;0;3;21
546;expert;Jen Wadkins;2021;0;0;4;21
547;expert;Diksha Bhati;2021;0;0;3;21
548;expert;Sameer Patel;2021;0;0;4;21
549;expert;Maximiliano Diaz Battan;2021;0;0;3;21
550;expert;Binary Joker;2021;0;0;4;21
551;expert;Khushee Kapoor;2021;0;0;3;21
552;expert;Chanran Kim;2018;0;0;4;20
553;expert;ahmettezcantekin;2018;0;1;4;20
554;expert;Mohammad Essam;2018;0;0;4;20
555;expert;palak sood;2018;0;0;6;20
556;expert;SAIF UDDIN;2019;0;0;5;20
557;expert;akensert;2019;0;2;2;20
558;expert;Convophile;2019;0;0;4;20
559;expert;Prakhar Rathi;2019;0;1;3;20
560;expert;Akarsh Singh;2020;0;0;3;20
561;expert;Sokolov Aleksandr;2020;0;0;3;20
562;expert;Rohit Sahoo;2020;0;1;2;20
563;expert;Jeffrey Braun;2020;0;1;2;20
564;expert;Jay;2020;0;0;3;20
565;expert;Aakash Verma;2021;0;0;3;20
566;expert;Rasel Ahmed;2021;0;0;4;20
567;expert;Shahrayar;2021;0;0;4;20
568;expert;Sana Shaikh;2021;0;0;3;20
569;expert;Abdumalik Khoshimov;2021;0;0;4;20
570;expert;T Rohit Bharadwaj;2021;0;0;3;20
571;expert;Raja CSP;2016;0;0;4;19
572;expert;Jeff Faudi;2016;0;0;3;19
573;expert;Arpit Dwivedi;2019;0;0;4;19
574;expert;Alexey Kotlik;2019;0;1;2;19
575;expert;Bavalpreet;2019;0;0;5;19
576;expert;Rishabh Sethia;2019;0;0;3;19
577;expert;Prajit T R;2020;0;0;3;19
578;expert;Rohit Singh;2020;0;0;4;19
579;expert;Abhishek Gupta;2020;0;0;7;19
580;expert;Tanuj dhiman;2020;0;0;6;19
581;expert;Manish KC;2020;0;0;4;19
582;expert;Abhranta Panigrahi;2021;0;0;3;19
583;expert;Shivam Modi;2021;0;0;3;19
584;expert;HamnaKhalid;2021;0;0;3;19
585;expert;Salio;2021;0;0;3;19
586;expert;Canggih P Wibowo;2017;0;1;3;18
587;expert;Peter;2017;0;2;1;18
588;expert;AnkurJain;2018;1;0;2;18
589;expert;Samruddhi Mhatre;2018;0;0;3;18
590;expert;Srinidhi;2018;0;0;3;18
591;expert;Tomas Mantero;2018;0;0;3;18
592;expert;milan;2018;0;0;4;18
593;expert;Ashish Goswami;2019;0;0;4;18
594;expert;Zohaib Ahmed;2020;0;0;3;18
595;expert;aman2000jaiswal;2020;0;1;2;18
596;expert;Ravi Sane;2020;0;0;4;18
597;expert;Ertuðrul Demir;2020;0;1;3;18
598;expert;Jai Ganesh Nagidi;2020;0;0;3;18
599;expert;Akhilesh D. Kapse;2020;0;0;3;18
600;expert;Homayoon khadivi;2020;0;0;3;18
601;expert;Dilara Þahan;2021;0;0;3;18
602;expert;Amanda;2021;0;0;3;18
603;expert;YashSharma;2021;0;0;3;18
604;expert;Yuvraj Singh;2021;0;0;5;18
605;expert;Motaz Saad;2016;0;0;3;17
606;expert;Carlos Souza;2017;0;0;4;17
607;expert;qiriro;2017;0;0;3;17
608;expert;Marlesson;2017;0;0;3;17
609;expert;Muhammad Navaid;2018;0;0;3;17
610;expert;Santosh kumar;2018;0;0;3;17
611;expert;BrandontheCoder;2019;0;0;3;17
612;expert;Piyush Agnihotri;2019;0;0;4;17
613;expert;Naman Jaswani;2020;0;0;4;17
614;expert;Shantanu Tripathi;2020;0;0;3;17
615;expert;G_R_S;2020;0;0;6;17
616;expert;Ultron;2020;0;0;3;17
617;expert;Itokiana RAFIDINARIVO;2020;0;0;3;17
618;expert;Abhishek Shrivastava;2020;0;0;4;17
619;expert;Javagar M;2020;0;0;4;17
620;expert;Khosiyat Sobir;2020;0;0;3;17
621;expert;Krishna;2020;0;0;3;17
622;expert;Patrick Gomes;2020;0;0;4;17
623;expert;SALMAN FAROZ;2020;0;0;5;17
624;expert;sai pavan saketh;2021;0;0;3;17
625;expert;kushal Agrawal;2021;0;0;4;17
626;expert;Manas Marathe;2021;0;0;3;17
627;expert;Bukun;2013;0;0;3;16
628;expert;AiswaryaRamachandran;2015;0;0;3;16
629;expert;Mesum Raza Hemani;2017;0;0;3;16
630;expert;Ahiale Darlington;2017;0;0;3;16
631;expert;Leonardo Ferreira;2017;0;1;2;16
632;expert;Ulrich G.;2018;0;0;4;16
633;expert;Tarun Paparaju;2018;0;0;4;16
634;expert;Akash kumar;2018;0;0;5;16
635;expert;Mehmet Sungur;2019;0;0;4;16
636;expert;Amit Hasan Shuvo;2019;0;0;3;16
637;expert;Vatsal Parsaniya;2019;0;0;3;16
638;expert;Deepak Deepu;2020;0;1;2;16
639;expert;vipul;2020;0;0;5;16
640;expert;ASHISH GOYAL;2020;0;0;3;16
641;expert;Maksym Shkliarevskyi;2020;0;0;3;16
642;expert;Thaddeus Segura;2020;0;0;6;16
643;expert;Yerram Varun;2020;0;0;3;16
644;expert;Hotson Honet;2020;0;0;4;16
645;expert;Al Yeasin;2020;0;0;3;16
646;expert;Vivekkumar Gediya;2020;0;0;4;16
647;expert;Iþýl Güler;2021;0;0;5;16
648;expert;FunkyMonk;2021;0;0;3;16
649;expert;Sahar Pourahmad;2021;0;0;3;16
650;expert;Tanusha Gupta;2021;0;0;4;16
651;expert;ELoo;2021;0;0;3;16
652;expert;MsSmartyPants;2021;0;0;4;16
653;expert;JackyWang;2016;0;1;2;15
654;expert;Muhammad Nakhaee;2016;0;0;3;15
655;expert;Ashadullah Shawon;2018;0;0;3;15
656;expert;Tania J;2018;0;2;1;15
657;expert;yuval reina;2018;0;2;1;15
658;expert;ratan rohith;2018;0;0;5;15
659;expert;Tarek Hamdi;2018;0;0;6;15
660;expert;Noah Weber;2018;0;0;5;15
661;expert;Nagesh Singh Chauhan;2018;0;0;4;15
662;expert;Smriti;2019;0;0;4;15
663;expert;Rushikesh Hiray;2019;0;0;4;15
664;expert;Ravi Chaubey;2019;0;0;3;15
665;expert;Shubham Singh;2020;0;0;3;15
666;expert;ROSHAN KUMAR G;2020;0;0;4;15
667;expert;Aadhav Vignesh;2020;0;0;3;15
668;expert;Parth Chhabra;2020;0;0;4;15
669;expert;Khushi Shahh;2020;0;0;3;15
670;expert;Kushagra Singh;2020;0;0;3;15
671;expert;Hammad Ali;2020;0;0;3;15
672;expert;darth manav;2021;0;0;4;15
673;expert;saiabhiteja Chepuri;2021;0;0;3;15
674;expert;Eisha Hassan;2021;0;0;3;15
675;expert;Moath Mohamed;2021;0;0;3;15
676;expert;Shravan Kumar Koninti;2012;0;0;3;14
677;expert;CPMP;2013;0;0;3;14
678;expert;Nicholle @ Datafiniti;2017;0;2;2;14
679;expert;Daniel Grijalva;2018;0;1;2;14
680;expert;Vlad Golubev;2018;0;0;5;14
681;expert;Mustafa Fatakdawala;2018;0;0;3;14
682;expert;zzy;2018;0;0;3;14
683;expert;Artificial Intelligence inIT;2018;0;0;6;14
684;expert;nosound;2019;0;1;2;14
685;expert;Meric Pakkan;2019;0;0;4;14
686;expert;KhanhVD;2019;0;0;3;14
687;expert;Jose Guzman;2019;0;0;3;14
688;expert;Aishwarya;2019;0;0;3;14
689;expert;Abu Noman Md. Sakib;2019;0;0;5;14
690;expert;Felix Mejia;2020;0;0;4;14
691;expert;Anubha Singh;2020;0;0;3;14
692;expert;Vitaliy Malcev;2020;0;0;5;14
693;expert;Atharv Chaudhari;2020;0;0;3;14
694;expert;MohanDeep;2020;0;0;3;14
695;expert;Ihor Muliar;2020;0;0;3;14
696;expert;Maneesh;2020;0;0;5;14
697;expert;spin fit;2020;0;0;3;14
698;expert;Abhishek252;2021;0;0;3;14
699;expert;Jeremy Howard;2011;0;0;6;13
700;expert;Sudipta Kar;2014;0;0;3;13
701;expert;Bouwe Ceunen;2017;0;0;4;13
702;expert;Harveen Singh Chadha;2018;0;0;3;13
703;expert;Debadri Dutta;2018;0;0;4;13
704;expert;itsshavar;2018;0;0;4;13
705;expert;Evan Hallmark;2018;0;1;3;13
706;expert;Deniz Yigit;2018;0;0;3;13
707;expert;fireflies;2019;0;0;3;13
708;expert;Vyacheslav Razin;2019;0;0;3;13
709;expert;Chaitanya Krishna Kasaraneni;2019;0;0;4;13
710;expert;Yogesh Singla;2019;0;0;4;13
711;expert;Fedi Ben Messaoud;2020;0;0;4;13
712;expert;Amol Ambkar;2020;0;0;4;13
713;expert;Abhishek;2020;0;0;3;13
714;expert;Utshab Kumar Ghosh;2020;0;0;3;13
715;expert;ÜNAL KÖROÐLU;2020;0;0;3;13
716;expert;Ayyuce Kaytazci;2020;0;0;3;13
717;expert;Umerkk12;2020;0;0;3;13
718;expert;Kosta R;2021;0;0;3;13
719;expert;Shesh Narayan Gupta;2021;0;0;3;13
720;expert;Ceshine Lee;2013;0;0;3;12
721;expert;James McGuigan;2015;0;0;4;12
722;expert;Dmytro Danevskyi;2016;0;0;4;12
723;expert;Anshul Sharma;2018;0;0;4;12
724;expert;Ilham Firdausi Putra;2018;0;0;3;12
725;expert;Victor Geislinger;2018;0;0;3;12
726;expert;Harshit Kapoor;2018;0;0;3;12
727;expert;Tien Tran;2019;0;0;3;12
728;expert;Sagar Khanna;2019;0;0;3;12
729;expert;Shangqiu Li;2019;0;1;3;12
730;expert;ManjotSinghDhillon;2020;0;0;3;12
731;expert;Ada Kibet;2020;0;0;4;12
732;expert;Dionisius Darryl Hermansyah;2020;0;0;4;12
733;expert;Ankit Verma;2020;0;0;3;12
734;expert;Julia Says;2020;0;0;3;12
735;expert;Sina Tavakoli Banizi;2020;0;0;3;12
736;expert;Sai Ram K;2020;0;0;3;12
737;expert;Dhiraj Nirne;2020;0;0;3;12
738;expert;Hasan Ersan Yaðcý;2021;0;0;3;12
739;expert;Chaitanya Hivlekar;2021;0;0;3;12
740;expert;Fahd;2014;0;0;3;11
741;expert;thatdataanalyst;2017;0;0;3;11
742;expert;Raghawendra Singh;2018;0;0;3;11
743;expert;Leigh;2018;0;0;3;11
744;expert;Yegor Biryukov;2019;0;0;3;11
745;expert;Prageeth Anjula;2019;0;0;3;11
746;expert;Gokul raj K.;2020;0;0;3;11
747;expert;YASH DIXIT_24;2020;0;0;3;11
748;expert;Minnie Liang;2020;0;0;4;11
749;expert;Dev Chauhan;2020;0;0;3;11
750;expert;Selen Susuz;2021;0;0;3;11
751;expert;Ravindranadh Bobbili;2021;0;0;4;11
752;expert;Zheyu Ye;2021;0;0;3;11
753;expert;NohrUd;2021;0;0;3;11
754;expert;Jose Berengueres;2012;0;1;2;10
755;expert;Abed Khooli;2015;0;0;3;10
756;expert;Evgeny_Semyonov;2016;0;0;3;10
757;expert;Ouassim Adnane;2017;0;0;3;10
758;expert;Robin Smits;2017;0;0;3;10
759;expert;Peijen Lin;2018;0;1;3;10
760;expert;Sugandh;2018;0;0;4;10
761;expert;Aadarsh Singh;2018;0;0;3;10
762;expert;Dhananjay Raut;2019;0;0;3;10
763;expert;voru588;2019;0;0;5;10
764;expert;PyKeyo;2019;0;0;3;10
765;expert;Dhruv;2019;0;0;3;10
766;expert;Foridur;2019;0;0;3;10
767;expert;Pulkit Mehta;2019;0;0;3;10
768;expert;Yassine Hamdaoui;2019;0;0;3;10
769;expert;Nandan Pandey;2019;0;0;3;10
770;expert;Kunal Gupta;2019;0;0;3;10
771;expert;Achintya Tripathi;2019;0;0;3;10
772;expert;Pooja Jain;2020;0;0;3;10
773;expert;Rishabh Dhyani;2020;0;0;3;10
774;expert;Md Mahmud Ferdous;2020;0;0;3;10
775;expert;???????;2020;0;0;4;10
776;expert;Soorya Prakash;2020;0;0;3;10
777;expert;Shishir Singh;2020;0;0;3;10
778;expert;MD. Mehedi Hassan Galib;2020;0;0;3;10
779;expert;Harshit Bansal;2021;0;0;3;10
780;expert;Jamie Leech;2021;0;0;3;10
781;expert;Brian Roach;2013;0;1;2;9
782;expert;Chaitanya Bapat;2016;0;0;3;9
783;expert;VinayVikram;2018;0;0;3;9
784;expert;AJ Pass;2019;0;0;3;9
785;expert;R. Joseph Manoj, PhD;2019;0;0;4;9
786;expert;Jaswinder Singh;2019;0;0;3;9
787;expert;Max Nygma;2019;0;0;3;9
788;expert;Archit9406;2020;0;0;3;9
789;expert;Abhishek Parashar;2020;0;0;3;9
790;expert;Voler;2020;0;0;3;9
791;expert;Nikunj Malpani;2021;0;0;3;9
792;expert;LightlightsupLight;2021;0;0;3;9
793;expert;aegehbi;2021;0;0;3;9
794;expert;ColinMorris;2016;0;1;2;8
795;expert;Brett Kurzawa;2017;0;0;3;8
796;expert;AkshatGupta;2018;0;0;3;8
797;expert;Mobasshir Bhuiya Shagor;2018;0;0;3;8
798;expert;Sanchit Tanwar;2018;0;0;3;8
799;expert;Simran Jain;2018;0;0;3;8
800;expert;filipefilardi;2018;0;0;3;8
801;expert;Seol;2019;0;0;3;8
802;expert;Amanda;2019;0;0;3;8
803;expert;Bunty;2020;0;0;3;8
804;expert;DoVan;2020;0;0;4;8
805;expert;Sagar Shee;2020;0;0;3;8
806;expert;Nahian Rifaat;2020;0;0;3;8
807;expert;Anany Sharma;2020;0;0;3;8
808;expert;Bivek Subedi;2020;0;0;3;8
809;expert;Sachin Sharma;2020;0;0;3;8
810;expert;Shivam Mittal;2020;0;0;3;8
811;expert;Jay Faldu;2020;0;0;3;8
812;expert;Shyam R;2020;0;0;3;8
813;expert;Rohit Agarwal;2017;0;0;3;7
814;expert;Sudhir Kumar;2017;0;0;3;7
815;expert;AlexanderGeiger;2017;0;2;1;7
816;expert;Burak Batýbay;2019;0;0;3;7
817;expert;Sagnik;2020;0;0;3;7
818;expert;Niraj;2020;0;0;3;7
819;expert;Alberto Maria Falletta;2020;0;0;4;7
820;expert;Ujwal Kandi;2020;0;0;3;7
821;expert;Mohamed Fadl;2020;0;0;3;7
822;expert;Liu Shang;2020;0;0;3;7
823;expert;Praveen Kumar;2021;0;0;3;7
824;expert;Gaurav Sarkar;2021;0;0;3;7
825;expert;sandy1112;2016;0;0;3;6
826;expert;Maxime Fuccellaro;2017;0;0;4;6
827;expert;Semih Arýcan;2018;0;0;3;6
828;expert;Amaan;2019;0;0;4;6
829;expert;Nakul Singh;2019;0;0;3;6
830;expert;Andrea Garritano;2020;0;0;3;6
831;expert;vijay chauhan;2020;0;0;4;6
832;expert;Animesh Nareda;2020;0;0;3;6
833;expert;Chandan Verma;2014;0;0;3;5
834;expert;freeCodeCamp;2016;0;1;2;5
835;expert;kishorkumarJha;2017;0;0;3;5
836;expert;JobsPikr;2018;0;0;3;5
837;expert;Rafay;2019;0;0;3;5
838;expert;Efrad Galio;2019;0;0;3;5
839;expert;Sanskruti Panda;2020;0;0;3;5
840;expert;Icaro Freire;2020;0;0;3;5
841;expert;Linh Halley;2020;0;0;3;5
842;expert;Alexsumt;2019;0;0;3;4
843;expert;Jigyashu Suraj;2020;0;0;3;4
